AUC,Precision,Recall,F1,TN,FP,FN,TP
0.8464499303323856,0.6641221374045801,0.5588865096359743,0.6069767441860465,1162,132,206,261
