AUC,Precision,Recall,F1,TN,FP,FN,TP
0.8399688564251413,0.6567164179104478,0.47109207708779444,0.5486284289276808,1179,115,247,220
