AUC,Precision,Recall,F1,TN,FP,FN,TP
0.8340156677665655,0.6467391304347826,0.5096359743040685,0.5700598802395209,1164,130,229,238
