AUC,Precision,Recall,F1,TN,FP,FN,TP
0.8163116541838629,0.6106666666666667,0.49036402569593146,0.5439429928741093,1148,146,238,229
